,Squared Sum, Mean-Squared Sum, Degrees of freedom, f-factor, p-value
Proveniencia,17.51,8.75,2,484.1,4.012158813268126e-20
Proveniencia,1.34,1.34,1,74.33,8.189894441340709e-09
Interacao,0.1,0.05,2,2.88,0.07566154730970381
Residual,0.43,0.02,24
